date,duration,item,month,network,network_type
15-10-14 6:58,221.32112030000002,data,2014-11,data,data
15-10-14 6:58,81.61059922,call,2014-11,Vodafone,mobile
15-10-14 14:46,143.1091106,call,2014-11,Meteor,mobile
15-10-14 14:48,111.88866996,call,2014-11,Tesco,mobile
15-10-14 17:27,246.6951715,call,2014-11,Tesco,mobile
15-10-14 18:55,132.54130020000002,call,2014-11,Tesco,mobile
16-10-14 6:58,166.8835855,data,2014-11,data,data
16-10-14 15:01,184.997883,call,2014-11,Three,mobile
16-10-14 15:12,122.02841728,call,2014-11,Three,mobile
16-10-14 15:30,106.32102653,call,2014-11,voicemail,voicemail
16-10-14 16:21,15.927468800000002,call,2014-11,Three,mobile
16-10-14 22:18,163.051036,sms,2014-11,Meteor,mobile
16-10-14 22:21,156.5863078,sms,2014-11,Meteor,mobile
17-10-14 6:58,187.8992268,data,2014-11,data,data
17-10-14 10:53,120.04882477,sms,2014-11,Tesco,mobile
17-10-14 11:19,103.06675992,sms,2014-11,Tesco,mobile
17-10-14 11:20,189.91663880000002,sms,2014-11,Meteor,mobile
17-10-14 17:22,159.4045925,sms,2014-11,Vodafone,mobile
17-10-14 17:23,102.72479552,sms,2014-11,Vodafone,mobile
17-10-14 17:26,133.41923590000002,call,2014-11,Three,mobile
17-10-14 17:29,203.33888480000002,call,2014-11,Vodafone,mobile
17-10-14 17:30,205.1441993,call,2014-11,Tesco,mobile
17-10-14 17:42,186.74863969999998,sms,2014-11,Vodafone,mobile
17-10-14 17:44,148.8797793,sms,2014-11,Vodafone,mobile
17-10-14 17:44,190.0432261,sms,2014-11,Vodafone,mobile
17-10-14 17:44,137.9088821,sms,2014-11,Vodafone,mobile
18-10-14 6:58,90.97637827,data,2014-11,data,data
18-10-14 11:51,112.4130156,call,2014-11,Tesco,mobile
18-10-14 12:06,165.5819297,call,2014-11,Vodafone,mobile
18-10-14 12:06,197.2105436,call,2014-11,Vodafone,mobile
18-10-14 13:08,185.5192165,call,2014-11,Vodafone,mobile
18-10-14 13:10,158.3008729,call,2014-11,Three,mobile
18-10-14 14:01,94.93671833,call,2014-11,voicemail,voicemail
18-10-14 18:52,112.9613397,sms,2014-11,Vodafone,mobile
18-10-14 20:44,143.3065856,call,2014-11,Three,mobile
18-10-14 21:04,137.7840452,call,2014-11,Three,mobile
18-10-14 21:06,165.7903774,sms,2014-11,Three,mobile
18-10-14 21:23,147.2171156,sms,2014-11,Vodafone,mobile
18-10-14 22:37,76.94621634,sms,2014-11,Three,mobile
19-10-14 6:58,150.35217340000003,data,2014-11,data,data
19-10-14 14:47,173.0805834,call,2014-11,Three,mobile
19-10-14 15:46,101.12565395,call,2014-11,Tesco,mobile
19-10-14 16:21,127.8713454,call,2014-11,Three,mobile
19-10-14 16:30,68.75253599,call,2014-11,Three,mobile
19-10-14 20:25,136.41891070000003,call,2014-11,Three,mobile
20-10-14 6:58,142.4397781,data,2014-11,data,data
20-10-14 9:43,138.6871509,call,2014-11,voicemail,voicemail
20-10-14 9:43,82.10907517999999,call,2014-11,voicemail,voicemail
20-10-14 13:55,152.422796,call,2014-11,Vodafone,mobile
20-10-14 13:56,129.0927407,call,2014-11,landline,landline
20-10-14 18:14,238.8758387,call,2014-11,Tesco,mobile
20-10-14 18:24,119.89650374,call,2014-11,Vodafone,mobile
20-10-14 19:59,170.605373,sms,2014-11,Vodafone,mobile
20-10-14 20:16,164.78567769999998,sms,2014-11,Vodafone,mobile
21-10-14 6:58,135.7210071,data,2014-11,data,data
21-10-14 16:17,197.6647355,call,2014-11,Three,mobile
22-10-14 6:58,183.50520930000002,data,2014-11,data,data
22-10-14 12:04,199.8438093,call,2014-11,Three,mobile
23-10-14 6:58,152.58290440000002,data,2014-11,data,data
23-10-14 8:34,128.4448059,call,2014-11,landline,landline
23-10-14 9:45,152.66077620000002,call,2014-11,Meteor,mobile
23-10-14 10:46,148.86587609999998,sms,2014-11,Tesco,mobile
23-10-14 10:54,165.2084687,sms,2014-11,Vodafone,mobile
23-10-14 11:17,69.95199009000001,sms,2014-11,Vodafone,mobile
23-10-14 11:25,147.3375143,call,2014-11,Vodafone,mobile
23-10-14 17:48,85.40622527,call,2014-11,Meteor,mobile
24-10-14 6:58,167.5980606,data,2014-11,data,data
24-10-14 13:35,108.79808539,sms,2014-11,Vodafone,mobile
24-10-14 13:39,198.53354950000002,sms,2014-11,Vodafone,mobile
24-10-14 13:39,84.44412901,sms,2014-11,Vodafone,mobile
24-10-14 13:47,78.14943142999999,sms,2014-11,Vodafone,mobile
24-10-14 13:48,134.51596419999998,sms,2014-11,Vodafone,mobile
24-10-14 13:50,145.50401599999998,sms,2014-11,Vodafone,mobile
24-10-14 13:57,104.57151233,sms,2014-11,Vodafone,mobile
24-10-14 13:57,204.9404983,sms,2014-11,Vodafone,mobile
24-10-14 14:20,109.91312461,sms,2014-11,Three,mobile
24-10-14 14:27,176.0552057,sms,2014-11,Vodafone,mobile
24-10-14 18:29,88.62464653,sms,2014-11,Vodafone,mobile
24-10-14 18:33,152.720641,call,2014-11,Tesco,mobile
24-10-14 18:40,142.1113477,sms,2014-11,Vodafone,mobile
25-10-14 6:58,125.9494823,data,2014-11,data,data
26-10-14 6:58,171.6898868,data,2014-11,data,data
26-10-14 14:51,163.5122565,call,2014-11,Three,mobile
26-10-14 21:10,148.08636090000002,call,2014-11,Tesco,mobile
26-10-14 21:22,166.0860483,call,2014-11,Meteor,mobile
26-10-14 21:38,195.28200149999998,call,2014-11,Three,mobile
27-10-14 1:45,239.71451869999999,call,2014-11,Tesco,mobile
27-10-14 6:58,147.37967600000002,data,2014-11,data,data
27-10-14 11:03,137.1024124,call,2014-11,Three,mobile
27-10-14 16:30,143.4017294,call,2014-11,Three,mobile
27-10-14 19:20,127.93077120000001,call,2014-11,Three,mobile
27-10-14 19:55,179.0168705,call,2014-11,Three,mobile
28-10-14 6:58,148.6066959,data,2014-11,data,data
28-10-14 16:39,216.7300606,call,2014-11,landline,landline
28-10-14 20:44,99.25144895,call,2014-11,Tesco,mobile
29-10-14 6:58,150.206206,data,2014-11,data,data
29-10-14 12:56,125.84714888,call,2014-11,Vodafone,mobile
30-10-14 6:58,69.48025956000001,data,2014-11,data,data
30-10-14 14:31,191.2441808,call,2014-11,Vodafone,mobile
30-10-14 19:48,150.79277079999997,call,2014-11,Vodafone,mobile
30-10-14 20:02,91.30680568,call,2014-11,Meteor,mobile
31-10-14 6:58,119.81244087,data,2014-11,data,data
31-10-14 7:46,176.1295141,sms,2014-11,Vodafone,mobile
31-10-14 8:00,174.7292326,sms,2014-11,Vodafone,mobile
31-10-14 13:26,143.4248965,call,2014-11,Three,mobile
31-10-14 13:27,130.78094049999999,call,2014-11,Tesco,mobile
31-10-14 14:10,32.1164316,call,2014-11,Three,mobile
31-10-14 18:29,95.08436421,sms,2014-11,Three,mobile
31-10-14 18:29,152.9494956,sms,2014-11,Three,mobile
31-10-14 18:30,92.41675007,call,2014-11,Meteor,mobile
31-10-14 18:39,139.4354599,call,2014-11,Tesco,mobile
01-11-14 6:58,162.7362852,data,2014-11,data,data
01-11-14 15:13,204.6207904,call,2014-11,Vodafone,mobile
01-11-14 17:54,108.95653465,call,2014-11,Tesco,mobile
02-11-14 6:58,129.9335568,data,2014-11,data,data
02-11-14 14:34,202.8123665,call,2014-11,Three,mobile
02-11-14 15:44,164.1755793,call,2014-11,Three,mobile
02-11-14 19:16,206.83750609999998,call,2014-11,Three,mobile
02-11-14 21:42,92.1960264,call,2014-11,Meteor,mobile
02-11-14 22:55,185.94041769999998,call,2014-11,Meteor,mobile
03-11-14 6:58,104.64372095,data,2014-11,data,data
03-11-14 10:30,86.28778765,call,2014-11,Three,mobile
03-11-14 10:37,141.34700479999998,call,2014-11,Vodafone,mobile
03-11-14 10:47,227.1046226,call,2014-11,Vodafone,mobile
03-11-14 14:04,176.15120819999999,sms,2014-11,Vodafone,mobile
03-11-14 15:27,131.57388909999997,call,2014-11,Three,mobile
03-11-14 16:07,73.76798006,call,2014-11,landline,landline
03-11-14 16:10,182.2836487,call,2014-11,Tesco,mobile
03-11-14 17:03,217.5710406,call,2014-11,Vodafone,mobile
03-11-14 22:36,114.44595232,call,2014-11,Tesco,mobile
04-11-14 6:58,124.69386274,data,2014-11,data,data
04-11-14 11:58,126.34935566,sms,2014-11,Vodafone,mobile
04-11-14 11:58,202.5524145,sms,2014-11,Vodafone,mobile
04-11-14 13:12,125.86515772,sms,2014-11,Three,mobile
04-11-14 14:05,190.6575811,sms,2014-11,Three,mobile
04-11-14 14:26,184.8489102,call,2014-11,voicemail,voicemail
04-11-14 14:26,201.21375790000002,call,2014-11,voicemail,voicemail
04-11-14 16:13,81.24392489,sms,2014-11,Three,mobile
04-11-14 16:19,147.765441,call,2014-11,Meteor,mobile
04-11-14 16:22,116.32030827,call,2014-11,Meteor,mobile
04-11-14 16:24,121.74955989,call,2014-11,Meteor,mobile
04-11-14 16:34,132.3329299,sms,2014-11,Three,mobile
04-11-14 16:39,106.18748804,sms,2014-11,Meteor,mobile
04-11-14 16:41,181.7513295,sms,2014-11,Meteor,mobile
04-11-14 16:45,175.53349440000002,sms,2014-11,Three,mobile
04-11-14 18:26,91.09435209,call,2014-11,Tesco,mobile
04-11-14 20:15,196.8252999,call,2014-11,Three,mobile
04-11-14 20:15,179.7946514,sms,2014-11,Meteor,mobile
04-11-14 20:15,82.47745583,sms,2014-11,Meteor,mobile
04-11-14 20:16,160.8974211,call,2014-11,Meteor,mobile
05-11-14 6:58,131.6294087,data,2014-11,data,data
05-11-14 10:59,197.3677733,call,2014-11,Three,mobile
05-11-14 11:30,135.9499134,sms,2014-11,Vodafone,mobile
05-11-14 11:43,170.97726219999998,sms,2014-11,Vodafone,mobile
05-11-14 12:43,112.28723255,sms,2014-11,Vodafone,mobile
05-11-14 19:35,154.6936973,call,2014-11,Vodafone,mobile
06-11-14 1:02,155.4415395,sms,2014-11,Vodafone,mobile
06-11-14 1:02,70.12244951,sms,2014-11,Vodafone,mobile
06-11-14 6:58,124.05859431,data,2014-11,data,data
06-11-14 9:04,182.34989769999999,sms,2014-11,Vodafone,mobile
06-11-14 9:05,164.6128284,sms,2014-11,Vodafone,mobile
06-11-14 9:47,161.5473484,call,2014-11,Vodafone,mobile
06-11-14 9:50,99.05134024,call,2014-11,Three,mobile
06-11-14 9:52,88.69287303,call,2014-11,Meteor,mobile
06-11-14 9:54,223.6521985,call,2014-11,Three,mobile
06-11-14 11:47,186.2982161,call,2014-11,Vodafone,mobile
06-11-14 14:52,122.19656206,sms,2014-11,Vodafone,mobile
06-11-14 18:02,81.10287957,call,2014-11,Tesco,mobile
06-11-14 18:07,121.56013709,call,2014-11,Vodafone,mobile
07-11-14 6:58,145.0988158,data,2014-11,data,data
07-11-14 9:33,155.0764015,call,2014-11,Vodafone,mobile
07-11-14 17:51,152.1474505,call,2014-11,Three,mobile
07-11-14 21:04,182.5992557,sms,2014-11,Vodafone,mobile
07-11-14 21:10,175.8913419,sms,2014-11,Vodafone,mobile
07-11-14 21:12,102.47934575,sms,2014-11,Vodafone,mobile
07-11-14 21:12,125.22047201,sms,2014-11,Vodafone,mobile
07-11-14 21:19,197.4026746,sms,2014-11,Vodafone,mobile
07-11-14 21:25,179.41332930000002,sms,2014-11,Vodafone,mobile
07-11-14 21:31,183.6447756,sms,2014-11,Vodafone,mobile
07-11-14 21:31,221.95971509999998,sms,2014-11,Vodafone,mobile
07-11-14 22:04,209.1858684,sms,2014-11,Vodafone,mobile
08-11-14 6:58,169.3119372,data,2014-11,data,data
08-11-14 16:33,130.3384522,call,2014-11,Three,mobile
08-11-14 18:18,144.6511574,call,2014-11,Tesco,mobile
09-11-14 1:41,146.4637765,sms,2014-11,Three,mobile
09-11-14 1:49,81.61237581,sms,2014-11,Three,mobile
09-11-14 1:50,161.3891171,sms,2014-11,Three,mobile
09-11-14 2:04,110.66808964,sms,2014-11,Three,mobile
09-11-14 6:58,133.9331603,data,2014-11,data,data
09-11-14 19:21,127.7431917,call,2014-11,Tesco,mobile
09-11-14 22:09,145.8237216,call,2014-11,Three,mobile
10-11-14 6:58,174.18135180000002,data,2014-11,data,data
10-11-14 9:29,100.70341569,call,2014-11,Vodafone,mobile
10-11-14 11:36,139.4757449,call,2014-11,Three,mobile
10-11-14 14:59,96.57882067,call,2014-11,Three,mobile
10-11-14 15:15,146.92202709999998,call,2014-11,Three,mobile
10-11-14 18:19,125.43339003,sms,2014-11,Three,mobile
10-11-14 18:34,96.32225339,sms,2014-11,Three,mobile
11-11-14 6:58,162.7611465,data,2014-11,data,data
11-11-14 9:28,189.73462030000002,call,2014-11,Vodafone,mobile
11-11-14 11:32,123.88590842,call,2014-11,Vodafone,mobile
11-11-14 11:37,185.5976481,sms,2014-11,Three,mobile
11-11-14 12:39,141.2000062,call,2014-11,Three,mobile
11-11-14 14:13,132.7608331,sms,2014-11,Meteor,mobile
11-11-14 14:20,60.10024375,sms,2014-11,Meteor,mobile
11-11-14 14:41,142.5011446,sms,2014-11,Meteor,mobile
11-11-14 19:56,112.13742489,sms,2014-11,Three,mobile
12-11-14 6:58,82.43480341,data,2014-11,data,data
12-11-14 10:48,178.7741683,sms,2014-11,Vodafone,mobile
12-11-14 10:48,169.9989123,sms,2014-11,Three,mobile
12-11-14 10:48,212.53096580000002,sms,2014-11,Vodafone,mobile
12-11-14 10:49,127.3927042,sms,2014-11,Three,mobile
12-11-14 12:04,83.81985978,sms,2014-11,Three,mobile
12-11-14 13:49,206.787147,sms,2014-11,Vodafone,mobile
12-11-14 16:16,182.81428490000002,sms,2014-11,Vodafone,mobile
12-11-14 16:19,150.0500557,call,2014-11,landline,landline
12-11-14 16:42,135.7924633,sms,2014-11,Vodafone,mobile
12-11-14 16:42,183.4436493,sms,2014-11,Vodafone,mobile
12-11-14 17:14,161.566398,sms,2014-11,Vodafone,mobile
12-11-14 17:14,118.55560793,sms,2014-11,Vodafone,mobile
12-11-14 17:49,195.68102219999997,sms,2014-11,Three,mobile
12-11-14 17:56,63.25364435,call,2014-11,Three,mobile
12-11-14 17:59,129.0311388,call,2014-11,Three,mobile
12-11-14 19:01,206.8441747,call,2014-11,Vodafone,mobile
12-11-14 19:18,149.1904445,sms,2014-11,Three,mobile
12-11-14 19:18,172.8592235,sms,2014-11,Three,mobile
12-11-14 19:20,196.6548737,sms,2014-11,Vodafone,mobile
13-11-14 6:58,136.2384854,data,2014-12,data,data
13-11-14 22:30,122.50275181,sms,2014-11,Three,mobile
13-11-14 22:31,133.9830388,sms,2014-11,Vodafone,mobile
14-11-14 6:58,142.6503062,data,2014-12,data,data
14-11-14 17:24,117.09900658,call,2014-12,voicemail,voicemail
14-11-14 17:28,121.58895547,sms,2014-12,Vodafone,mobile
15-11-14 6:58,138.5132573,data,2014-12,data,data
16-11-14 6:58,43.30311484,data,2014-12,data,data
16-11-14 14:05,250.01575209999996,call,2014-12,Vodafone,mobile
17-11-14 6:58,127.24932,data,2014-12,data,data
18-11-14 6:58,189.1281147,data,2014-12,data,data
18-11-14 8:22,110.27999449,sms,2014-12,Vodafone,mobile
18-11-14 8:29,131.4516215,sms,2014-12,Vodafone,mobile
18-11-14 8:29,105.25506582,sms,2014-12,Vodafone,mobile
18-11-14 8:33,190.1413155,sms,2014-12,Vodafone,mobile
18-11-14 8:34,64.62736322,sms,2014-12,Vodafone,mobile
18-11-14 8:34,99.5967637,sms,2014-12,Vodafone,mobile
18-11-14 8:39,132.0585179,sms,2014-12,Vodafone,mobile
18-11-14 8:42,60.21204542,sms,2014-12,Vodafone,mobile
18-11-14 8:45,216.4432149,sms,2014-12,Vodafone,mobile
18-11-14 9:35,115.81315613,sms,2014-12,Vodafone,mobile
19-11-14 6:58,159.7490636,data,2014-12,data,data
19-11-14 14:05,168.4677129,call,2014-12,Tesco,mobile
19-11-14 14:11,190.83791519999997,call,2014-12,Meteor,mobile
19-11-14 18:56,209.20853490000002,call,2014-12,Three,mobile
19-11-14 22:48,126.17456408,sms,2014-12,Vodafone,mobile
20-11-14 6:58,147.9492472,data,2014-12,data,data
20-11-14 14:57,172.4501564,call,2014-12,voicemail,voicemail
20-11-14 14:59,183.00704059999998,call,2014-12,Three,mobile
20-11-14 16:22,121.10199584,sms,2014-12,Meteor,mobile
20-11-14 19:08,96.01509917,call,2014-12,Three,mobile
20-11-14 21:03,42.38614815,call,2014-12,Three,mobile
20-11-14 21:03,234.571508,call,2014-12,Three,mobile
21-11-14 0:17,216.1966057,call,2014-12,Tesco,mobile
21-11-14 1:13,164.13640230000001,sms,2014-12,Vodafone,mobile
21-11-14 6:58,220.9839524,data,2014-12,data,data
21-11-14 10:29,130.7607655,sms,2014-12,Meteor,mobile
21-11-14 10:29,96.73581243,sms,2014-12,Meteor,mobile
21-11-14 10:30,149.8195584,sms,2014-12,Meteor,mobile
21-11-14 11:29,164.0420489,call,2014-12,landline,landline
21-11-14 11:31,210.5574053,call,2014-12,Vodafone,mobile
21-11-14 11:49,132.4986994,call,2014-12,landline,landline
21-11-14 11:50,157.8262723,call,2014-12,Three,mobile
21-11-14 11:50,103.16906753,call,2014-12,Three,mobile
21-11-14 13:31,268.4439222,call,2014-12,Tesco,mobile
21-11-14 18:07,78.49093635,call,2014-12,Meteor,mobile
22-11-14 2:10,72.7501633,call,2014-12,Tesco,mobile
22-11-14 6:58,201.7960433,data,2014-12,data,data
22-11-14 12:02,116.61663427,call,2014-12,Meteor,mobile
22-11-14 12:10,236.67801409999998,call,2014-12,Vodafone,mobile
22-11-14 14:30,128.99309820000002,call,2014-12,Vodafone,mobile
22-11-14 14:33,129.6619965,call,2014-12,Vodafone,mobile
22-11-14 14:34,161.900363,call,2014-12,Vodafone,mobile
23-11-14 6:58,153.01017009999998,data,2014-12,data,data
23-11-14 13:24,192.08553930000002,call,2014-12,Three,mobile
23-11-14 16:10,98.07936108,call,2014-12,Three,mobile
23-11-14 17:36,146.6080747,call,2014-12,Three,mobile
23-11-14 17:53,192.85611,call,2014-12,Three,mobile
23-11-14 17:53,121.68152233,call,2014-12,Three,mobile
23-11-14 17:54,176.1398398,call,2014-12,Three,mobile
24-11-14 6:58,173.2375414,data,2014-12,data,data
24-11-14 9:40,221.9207479,sms,2014-12,Three,mobile
24-11-14 12:24,115.26182269,call,2014-12,Meteor,mobile
25-11-14 6:58,125.13446935,data,2014-12,data,data
25-11-14 11:25,96.89638972,call,2014-12,Vodafone,mobile
25-11-14 16:09,110.35676793,sms,2014-12,Meteor,mobile
25-11-14 16:19,152.6325106,sms,2014-12,Meteor,mobile
25-11-14 17:10,124.25272388,call,2014-12,Meteor,mobile
25-11-14 18:06,242.14232420000002,sms,2014-12,Meteor,mobile
25-11-14 18:18,215.336676,call,2014-12,Meteor,mobile
25-11-14 18:47,208.04012269999998,call,2014-12,voicemail,voicemail
25-11-14 19:10,146.9861035,call,2014-12,Tesco,mobile
25-11-14 19:20,228.67668799999998,call,2014-12,Tesco,mobile
25-11-14 19:21,255.2021909,call,2014-12,voicemail,voicemail
25-11-14 19:25,73.7890876,call,2014-12,Tesco,mobile
25-11-14 19:26,209.612799,call,2014-12,voicemail,voicemail
25-11-14 20:39,144.6408793,sms,2014-12,Three,mobile
26-11-14 6:58,221.40750359999998,data,2014-12,data,data
26-11-14 7:03,137.6724286,call,2014-12,Meteor,mobile
26-11-14 7:15,175.43342869999998,sms,2014-12,Vodafone,mobile
26-11-14 7:57,247.4123338,sms,2014-12,Vodafone,mobile
26-11-14 7:59,130.8332732,call,2014-12,Three,mobile
26-11-14 8:00,135.1719605,sms,2014-12,Vodafone,mobile
26-11-14 8:13,116.00313733,call,2014-12,Three,mobile
26-11-14 8:16,224.9742065,call,2014-12,Three,mobile
26-11-14 8:26,149.92067500000002,call,2014-12,Three,mobile
26-11-14 8:27,154.4690712,call,2014-12,Three,mobile
26-11-14 9:01,99.54424512,sms,2014-12,Meteor,mobile
26-11-14 11:53,128.5844462,sms,2014-12,Meteor,mobile
26-11-14 11:54,173.89456719999998,sms,2014-12,Meteor,mobile
26-11-14 11:54,91.18976544,sms,2014-12,Meteor,mobile
26-11-14 11:56,80.08423871,sms,2014-12,Meteor,mobile
26-11-14 17:48,169.0515109,call,2014-12,Three,mobile
27-11-14 6:58,164.9616746,data,2014-12,data,data
27-11-14 16:53,101.69016685,call,2014-12,Three,mobile
27-11-14 18:38,168.00343759999998,sms,2014-12,Three,mobile
28-11-14 6:58,268.45809010000005,data,2014-12,data,data
28-11-14 13:05,139.4532159,sms,2014-12,Three,mobile
28-11-14 13:12,100.73088324,sms,2014-12,Three,mobile
28-11-14 19:03,98.57511413,call,2014-12,Tesco,mobile
29-11-14 6:58,141.0832208,data,2014-12,data,data
29-11-14 14:44,144.94246859999998,call,2014-12,Three,mobile
30-11-14 6:58,171.02005690000001,data,2014-12,data,data
30-11-14 11:45,212.0021377,sms,2014-12,Three,mobile
30-11-14 11:48,169.27822780000002,sms,2014-12,Three,mobile
30-11-14 11:48,110.27377842,sms,2014-12,Three,mobile
30-11-14 12:06,81.63890789,sms,2014-12,Three,mobile
30-11-14 14:24,130.52252629999998,sms,2014-12,Three,mobile
30-11-14 14:44,90.8610861,sms,2014-12,Three,mobile
30-11-14 14:51,136.9491411,call,2014-12,Three,mobile
01-12-14 6:58,129.69289700000002,data,2014-12,data,data
01-12-14 12:51,195.6410361,sms,2014-12,Three,mobile
01-12-14 12:59,150.1982788,sms,2014-12,Three,mobile
02-12-14 6:58,106.2025776,data,2014-12,data,data
02-12-14 11:40,114.23363373,call,2014-12,Meteor,mobile
03-12-14 6:58,96.14816647,data,2014-12,data,data
03-12-14 15:01,198.9662679,call,2014-12,landline,landline
03-12-14 18:10,183.7290438,call,2014-12,Tesco,mobile
04-12-14 6:58,119.55699513,data,2014-12,data,data
04-12-14 13:52,85.12363484,call,2014-12,Vodafone,mobile
04-12-14 15:34,128.9843864,call,2014-12,Three,mobile
04-12-14 16:02,151.27181740000003,call,2014-12,Meteor,mobile
04-12-14 23:41,143.4589163,call,2014-12,voicemail,voicemail
05-12-14 6:58,73.32403898,data,2014-12,data,data
05-12-14 16:49,105.74943151,call,2014-12,landline,landline
05-12-14 18:17,126.24191535,call,2014-12,Tesco,mobile
05-12-14 18:25,147.94046930000002,call,2014-12,Three,mobile
06-12-14 6:58,118.90797099,data,2014-12,data,data
06-12-14 11:33,123.96498373,call,2014-12,Meteor,mobile
06-12-14 18:25,97.55531116,sms,2014-12,Vodafone,mobile
06-12-14 18:26,72.88224017,sms,2014-12,Tesco,mobile
06-12-14 18:26,151.341703,sms,2014-12,Vodafone,mobile
06-12-14 19:40,148.18658799999997,call,2014-12,Meteor,mobile
07-12-14 6:58,141.98945170000002,data,2014-12,data,data
07-12-14 13:03,152.3095745,call,2014-12,voicemail,voicemail
07-12-14 13:45,71.70136195,call,2014-12,Three,mobile
07-12-14 14:39,177.63393269999997,call,2014-12,Three,mobile
07-12-14 20:23,129.8380286,call,2014-12,Three,mobile
07-12-14 20:36,153.7039032,call,2014-12,Tesco,mobile
07-12-14 20:37,182.2177384,call,2014-12,Three,mobile
08-12-14 6:58,146.6958884,data,2014-12,data,data
08-12-14 17:38,219.29152040000002,call,2014-12,Meteor,mobile
09-12-14 6:58,160.8485262,data,2014-12,data,data
09-12-14 18:32,152.7679842,call,2014-12,Tesco,mobile
10-12-14 6:58,166.3828209,data,2014-12,data,data
11-12-14 6:58,182.7183976,data,2014-12,data,data
12-12-14 6:58,129.9880041,data,2014-12,data,data
12-12-14 11:00,222.8009735,call,2014-12,Vodafone,mobile
12-12-14 18:14,176.37196919999997,call,2014-12,Vodafone,mobile
13-12-14 6:58,53.974039489999996,data,2015-01,data,data
13-12-14 14:56,122.3751861,call,2014-12,Three,mobile
14-12-14 2:05,130.1279048,call,2014-12,landline,landline
14-12-14 2:07,100.44351458,call,2014-12,landline,landline
14-12-14 2:09,123.66069329999999,call,2014-12,landline,landline
14-12-14 6:58,132.35151029999997,data,2015-01,data,data
14-12-14 15:28,212.8000227,call,2014-12,voicemail,voicemail
14-12-14 19:54,143.6610977,call,2014-12,Three,mobile
15-12-14 6:58,145.4731905,data,2015-01,data,data
15-12-14 19:56,132.0383466,sms,2015-01,Three,mobile
15-12-14 19:58,168.6102491,sms,2015-01,Three,mobile
15-12-14 20:03,131.4683419,call,2015-01,Three,mobile
15-12-14 20:10,168.6713327,sms,2015-01,Vodafone,mobile
15-12-14 20:10,109.95577357,sms,2015-01,Three,mobile
15-12-14 23:12,119.33939584,sms,2015-01,Three,mobile
16-12-14 6:58,99.49573299,data,2015-01,data,data
17-12-14 6:58,124.54904343,data,2015-01,data,data
17-12-14 18:08,63.55951987,call,2015-01,Vodafone,mobile
17-12-14 23:26,174.03059299999998,sms,2015-01,Vodafone,mobile
18-12-14 6:58,163.63894950000002,data,2015-01,data,data
18-12-14 12:36,108.99562635,call,2015-01,Three,mobile
18-12-14 15:46,221.2795163,call,2015-01,Meteor,mobile
18-12-14 15:57,192.9654289,call,2015-01,Meteor,mobile
18-12-14 16:10,76.99492552000001,call,2015-01,Meteor,mobile
18-12-14 17:54,145.7380736,call,2015-01,Three,mobile
18-12-14 19:05,106.5036626,call,2015-01,Tesco,mobile
18-12-14 21:58,198.3979176,call,2015-01,Meteor,mobile
18-12-14 21:59,119.89165893,call,2015-01,Meteor,mobile
19-12-14 6:58,69.36202817,data,2015-01,data,data
19-12-14 8:57,110.23296025,sms,2015-01,Vodafone,mobile
19-12-14 10:14,109.80105622,call,2015-01,Three,mobile
19-12-14 12:40,171.9049165,call,2015-01,Three,mobile
19-12-14 12:41,88.63817113,call,2015-01,Tesco,mobile
19-12-14 12:41,119.01319501,call,2015-01,Three,mobile
19-12-14 14:48,130.74854449999998,call,2015-01,Meteor,mobile
19-12-14 16:49,203.3708956,call,2015-01,Tesco,mobile
19-12-14 16:51,224.5075181,call,2015-01,Tesco,mobile
19-12-14 17:00,133.35914209999999,call,2015-01,Three,mobile
19-12-14 18:44,97.03920038,sms,2015-01,Vodafone,mobile
20-12-14 6:58,227.62686159999998,data,2015-01,data,data
20-12-14 14:39,75.38040234,sms,2015-01,Tesco,mobile
20-12-14 15:20,42.38732535,sms,2015-01,Tesco,mobile
20-12-14 15:53,167.8322459,call,2015-01,Meteor,mobile
20-12-14 16:09,226.4261541,sms,2015-01,Tesco,mobile
21-12-14 0:05,174.07488659999999,call,2015-01,Meteor,mobile
21-12-14 6:58,129.1005908,data,2015-01,data,data
22-12-14 6:58,139.6293063,data,2015-01,data,data
22-12-14 10:42,187.66417180000002,call,2015-01,Tesco,mobile
22-12-14 11:22,180.1346419,sms,2015-01,Vodafone,mobile
22-12-14 11:22,105.41990804,sms,2015-01,Meteor,mobile
22-12-14 13:33,123.08435104,call,2015-01,Vodafone,mobile
22-12-14 14:09,81.17009822,sms,2015-01,Vodafone,mobile
22-12-14 14:15,121.58158199,call,2015-01,Vodafone,mobile
22-12-14 18:03,126.59267077,sms,2015-01,Vodafone,mobile
22-12-14 18:03,197.43250700000002,sms,2015-01,Vodafone,mobile
22-12-14 18:03,96.44742595,sms,2015-01,Vodafone,mobile
22-12-14 19:10,141.99775449999999,sms,2015-01,Vodafone,mobile
22-12-14 19:12,175.59250659999998,call,2015-01,Tesco,mobile
22-12-14 19:35,186.2582184,sms,2015-01,Meteor,mobile
22-12-14 19:36,80.54676629,sms,2015-01,Meteor,mobile
22-12-14 23:12,192.1264418,call,2015-01,Three,mobile
23-12-14 0:57,82.47990071000001,call,2015-01,Tesco,mobile
23-12-14 6:58,94.30954092,data,2015-01,data,data
23-12-14 9:17,264.4229094,call,2015-01,voicemail,voicemail
23-12-14 11:03,153.1795301,call,2015-01,landline,landline
23-12-14 12:49,92.06227863,call,2015-01,Three,mobile
23-12-14 15:39,124.93273096,sms,2015-01,Vodafone,mobile
23-12-14 15:40,170.5791853,call,2015-01,landline,landline
23-12-14 15:43,175.51489880000003,sms,2015-01,Vodafone,mobile
23-12-14 19:45,78.68979302,call,2015-01,voicemail,voicemail
23-12-14 20:02,227.4425949,call,2015-01,landline,landline
23-12-14 21:06,160.4961107,sms,2015-01,Vodafone,mobile
24-12-14 6:58,152.5064163,data,2015-01,data,data
24-12-14 13:22,173.5623681,call,2015-01,Three,mobile
24-12-14 13:29,192.3800549,call,2015-01,Tesco,mobile
24-12-14 13:56,252.94769130000003,call,2015-01,Three,mobile
24-12-14 13:56,92.73297427,call,2015-01,Three,mobile
24-12-14 17:06,168.9772288,sms,2015-01,Vodafone,mobile
24-12-14 17:07,123.63092411,call,2015-01,Vodafone,mobile
24-12-14 18:44,52.85650196,call,2015-01,Meteor,mobile
24-12-14 20:44,139.4599667,call,2015-01,Meteor,mobile
24-12-14 23:34,160.0548029,sms,2015-01,Three,mobile
25-12-14 6:58,154.4866637,data,2015-01,data,data
25-12-14 12:27,103.76268029,sms,2015-01,Vodafone,mobile
26-12-14 6:58,128.0126587,data,2015-01,data,data
26-12-14 11:09,195.1296136,call,2015-01,voicemail,voicemail
26-12-14 11:48,161.12368500000002,sms,2015-01,Vodafone,mobile
27-12-14 6:58,175.3982803,data,2015-01,data,data
27-12-14 22:30,111.14017073,sms,2015-01,Meteor,mobile
27-12-14 22:30,134.0892498,sms,2015-01,Meteor,mobile
27-12-14 22:30,151.36963450000002,sms,2015-01,Meteor,mobile
27-12-14 22:30,116.92537017,sms,2015-01,Meteor,mobile
28-12-14 6:58,169.82750049999999,data,2015-01,data,data
29-12-14 6:58,148.1365851,data,2015-01,data,data
29-12-14 12:09,165.0239364,call,2015-01,Tesco,mobile
30-12-14 6:58,123.47009483,data,2015-01,data,data
30-12-14 11:57,171.6214551,sms,2015-01,Three,mobile
30-12-14 11:57,91.86911042,sms,2015-01,Three,mobile
30-12-14 12:01,127.497505,sms,2015-01,Three,mobile
30-12-14 12:01,188.77997280000002,sms,2015-01,Three,mobile
30-12-14 12:02,162.91682419999998,sms,2015-01,Three,mobile
30-12-14 12:03,123.01493455,sms,2015-01,Three,mobile
30-12-14 12:04,47.970599320000005,sms,2015-01,Three,mobile
30-12-14 12:04,80.62309009,sms,2015-01,Three,mobile
30-12-14 12:05,169.7626862,sms,2015-01,Three,mobile
30-12-14 12:05,155.0608672,sms,2015-01,Three,mobile
30-12-14 12:05,207.32094880000002,sms,2015-01,Three,mobile
30-12-14 12:05,38.19041619,sms,2015-01,Three,mobile
30-12-14 12:06,90.51623583,sms,2015-01,Three,mobile
30-12-14 12:10,32.957848644,sms,2015-01,Three,mobile
30-12-14 12:10,184.28461069999997,sms,2015-01,Three,mobile
30-12-14 12:10,128.0747949,sms,2015-01,Three,mobile
30-12-14 12:13,123.83747576,sms,2015-01,Three,mobile
30-12-14 12:14,172.296448,sms,2015-01,Three,mobile
30-12-14 12:14,120.24588433,sms,2015-01,Three,mobile
31-12-14 6:58,76.77040808999999,data,2015-01,data,data
31-12-14 13:00,114.67827822,call,2015-01,Meteor,mobile
31-12-14 13:03,175.88102800000001,call,2015-01,Meteor,mobile
31-12-14 13:49,96.67722034,call,2015-01,landline,landline
31-12-14 23:05,188.42775590000002,sms,2015-01,Vodafone,mobile
31-12-14 23:37,103.44882659,sms,2015-01,Vodafone,mobile
31-12-14 23:37,141.44976359999998,sms,2015-01,Vodafone,mobile
31-12-14 23:37,195.8523259,sms,2015-01,Vodafone,mobile
01-01-15 6:58,148.48029129999998,data,2015-01,data,data
02-01-15 6:58,201.5525544,data,2015-01,data,data
02-01-15 11:27,185.8355822,call,2015-01,Vodafone,mobile
02-01-15 23:26,206.2967745,sms,2015-01,Meteor,mobile
02-01-15 23:28,94.68348459999999,sms,2015-01,Meteor,mobile
03-01-15 6:58,124.69339678,data,2015-01,data,data
03-01-15 12:01,43.73343616,call,2015-01,Vodafone,mobile
04-01-15 0:57,200.8801116,call,2015-01,Three,mobile
04-01-15 6:58,203.7963572,data,2015-01,data,data
04-01-15 14:20,200.70452880000002,call,2015-01,Vodafone,mobile
04-01-15 14:31,95.47365608,call,2015-01,Vodafone,mobile
04-01-15 14:32,167.87305,call,2015-01,Vodafone,mobile
05-01-15 6:58,86.1924027,data,2015-01,data,data
05-01-15 9:49,62.49597377,call,2015-01,landline,landline
05-01-15 9:51,200.0572013,call,2015-01,landline,landline
05-01-15 10:10,160.55131,call,2015-01,Three,mobile
05-01-15 10:25,119.36335368,call,2015-01,Three,mobile
05-01-15 10:25,209.1518336,sms,2015-01,Three,mobile
05-01-15 10:52,128.9805122,sms,2015-01,Three,mobile
05-01-15 10:56,213.71364640000002,call,2015-01,landline,landline
05-01-15 11:58,213.19854469999999,call,2015-01,Meteor,mobile
05-01-15 14:29,129.9205281,call,2015-01,landline,landline
05-01-15 16:41,162.254403,call,2015-01,Three,mobile
05-01-15 17:22,193.014221,call,2015-01,Tesco,mobile
05-01-15 20:23,139.7712554,call,2015-01,Three,mobile
06-01-15 6:58,142.2667209,data,2015-01,data,data
06-01-15 9:04,160.81340559999998,sms,2015-01,Three,mobile
06-01-15 9:04,108.72505289,sms,2015-01,Three,mobile
06-01-15 13:28,208.8938388,call,2015-01,Meteor,mobile
06-01-15 13:29,217.0167485,call,2015-01,Vodafone,mobile
06-01-15 13:55,125.61432934,sms,2015-01,Vodafone,mobile
06-01-15 19:17,125.38122358,call,2015-01,Meteor,mobile
06-01-15 20:40,195.96432240000001,call,2015-01,Vodafone,mobile
07-01-15 6:58,139.6469917,data,2015-01,data,data
07-01-15 9:28,110.47616033,sms,2015-01,Vodafone,mobile
07-01-15 21:20,264.85081560000003,sms,2015-01,Vodafone,mobile
07-01-15 21:20,157.37938770000002,sms,2015-01,Vodafone,mobile
08-01-15 6:58,127.1701378,data,2015-01,data,data
08-01-15 15:02,61.64322483,call,2015-01,Meteor,mobile
08-01-15 15:10,123.60422815,call,2015-01,Meteor,mobile
08-01-15 15:10,178.1613947,call,2015-01,Meteor,mobile
08-01-15 20:15,167.1975476,call,2015-01,Tesco,mobile
08-01-15 20:26,138.912963,sms,2015-01,Vodafone,mobile
08-01-15 20:30,141.8619841,call,2015-01,Tesco,mobile
08-01-15 20:31,73.53749961,call,2015-01,Three,mobile
08-01-15 22:41,219.2107117,sms,2015-01,Vodafone,mobile
08-01-15 22:41,62.85824448,sms,2015-01,Vodafone,mobile
08-01-15 22:52,125.8910675,sms,2015-01,Vodafone,mobile
08-01-15 22:52,120.69627154,sms,2015-01,Vodafone,mobile
08-01-15 23:06,152.2765599,sms,2015-01,Vodafone,mobile
08-01-15 23:06,146.1647889,sms,2015-01,Vodafone,mobile
09-01-15 6:58,149.6079808,data,2015-01,data,data
09-01-15 9:25,118.281248,sms,2015-01,Meteor,mobile
09-01-15 9:43,177.6438006,call,2015-01,Three,mobile
09-01-15 10:07,143.6745295,call,2015-01,Vodafone,mobile
09-01-15 17:32,75.99245457,call,2015-01,Vodafone,mobile
10-01-15 6:58,61.77525499,data,2015-01,data,data
10-01-15 14:10,154.0031165,call,2015-01,Three,mobile
10-01-15 14:36,106.23648490000001,call,2015-01,Vodafone,mobile
10-01-15 14:44,169.9662395,call,2015-01,Vodafone,mobile
10-01-15 15:58,155.1613812,call,2015-01,Meteor,mobile
10-01-15 16:57,128.6675662,call,2015-01,Three,mobile
10-01-15 21:16,102.97200321,sms,2015-01,Vodafone,mobile
10-01-15 21:16,268.3434601,sms,2015-01,Vodafone,mobile
11-01-15 6:58,98.71482504,data,2015-01,data,data
11-01-15 13:29,202.2359275,sms,2015-01,Vodafone,mobile
11-01-15 13:54,62.45571994,call,2015-01,Three,mobile
12-01-15 6:58,63.66162194,data,2015-01,data,data
12-01-15 12:01,21.456719656,call,2015-01,Meteor,mobile
12-01-15 12:01,156.03250409999998,call,2015-01,Meteor,mobile
12-01-15 18:23,95.15973225,call,2015-01,Three,mobile
12-01-15 18:26,190.88332659999998,sms,2015-01,Vodafone,mobile
12-01-15 18:26,97.01419676,sms,2015-01,Vodafone,mobile
13-01-15 6:58,128.7139646,data,2015-02,data,data
13-01-15 15:04,192.7719193,call,2015-01,Three,mobile
13-01-15 19:09,186.7655073,sms,2015-01,Three,mobile
13-01-15 19:44,182.82133969999998,sms,2015-01,Three,mobile
13-01-15 19:44,76.11546339,sms,2015-01,Three,mobile
13-01-15 19:57,56.02677539,sms,2015-01,Vodafone,mobile
13-01-15 19:57,245.329339,sms,2015-01,Vodafone,mobile
13-01-15 19:58,168.15506299999998,call,2015-01,landline,landline
13-01-15 20:00,120.15959315,call,2015-01,landline,landline
14-01-15 6:58,150.9514733,data,2015-02,data,data
14-01-15 17:15,67.10402306,call,2015-01,landline,landline
14-01-15 19:16,191.3441034,call,2015-01,Three,mobile
14-01-15 20:47,100.91653988,call,2015-01,Three,mobile
14-01-15 23:34,194.8627041,sms,2015-01,Vodafone,mobile
14-01-15 23:34,146.68801050000002,sms,2015-01,Vodafone,mobile
14-01-15 23:35,14.17389881,sms,2015-01,Three,mobile
14-01-15 23:36,182.3003894,sms,2015-01,Three,mobile
15-01-15 6:58,109.53375214,data,2015-02,data,data
15-01-15 10:36,179.88189119999998,call,2015-02,Three,mobile
15-01-15 17:22,113.63308520000001,call,2015-02,Tesco,mobile
16-01-15 6:58,121.91915279999999,data,2015-02,data,data
16-01-15 9:45,70.34311781,call,2015-02,Meteor,mobile
16-01-15 9:56,111.75051937,call,2015-02,Meteor,mobile
16-01-15 10:17,38.17856972,call,2015-02,Three,mobile
16-01-15 10:25,114.42649309,call,2015-02,Three,mobile
16-01-15 17:46,177.4440302,call,2015-02,Tesco,mobile
16-01-15 18:07,106.51836772,sms,2015-02,Vodafone,mobile
16-01-15 18:07,151.37382079999998,sms,2015-02,Vodafone,mobile
16-01-15 18:07,209.7651862,sms,2015-02,Vodafone,mobile
16-01-15 18:07,223.28332930000002,sms,2015-02,Vodafone,mobile
16-01-15 18:07,109.40089272,sms,2015-02,Three,mobile
16-01-15 18:07,105.38664179999999,sms,2015-02,Three,mobile
17-01-15 6:58,195.2360954,data,2015-02,data,data
17-01-15 18:50,204.78666230000002,call,2015-02,Three,mobile
17-01-15 21:59,154.78568710000002,call,2015-02,Tesco,mobile
18-01-15 6:58,195.8667961,data,2015-02,data,data
18-01-15 16:27,142.53419050000002,call,2015-02,Three,mobile
18-01-15 17:04,163.1952426,call,2015-02,Tesco,mobile
19-01-15 6:58,173.5368051,data,2015-02,data,data
19-01-15 12:44,164.1377321,sms,2015-02,Vodafone,mobile
19-01-15 19:57,182.0490764,call,2015-02,Tesco,mobile
19-01-15 20:08,68.85717602,call,2015-02,Tesco,mobile
19-01-15 20:14,179.061074,call,2015-02,Tesco,mobile
20-01-15 6:58,95.87103735,data,2015-02,data,data
20-01-15 15:08,104.24677941,sms,2015-02,Vodafone,mobile
20-01-15 19:49,57.00981994,sms,2015-02,Vodafone,mobile
20-01-15 20:23,133.20367090000002,sms,2015-02,Vodafone,mobile
21-01-15 6:58,90.00195074,data,2015-02,data,data
21-01-15 10:13,146.04145,call,2015-02,Three,mobile
21-01-15 14:36,195.01277140000002,call,2015-02,voicemail,voicemail
21-01-15 14:44,250.8656608,sms,2015-02,Vodafone,mobile
21-01-15 15:56,163.95878059999998,call,2015-02,voicemail,voicemail
21-01-15 15:57,203.0933966,call,2015-02,Three,mobile
21-01-15 18:04,126.54895116,call,2015-02,Tesco,mobile
21-01-15 19:38,161.2651256,call,2015-02,Meteor,mobile
21-01-15 19:59,245.7688276,call,2015-02,Vodafone,mobile
22-01-15 6:58,114.72089431,data,2015-02,data,data
22-01-15 18:59,73.02299602,call,2015-02,voicemail,voicemail
22-01-15 19:00,83.68899261,call,2015-02,Vodafone,mobile
23-01-15 6:58,197.0898148,data,2015-02,data,data
23-01-15 12:56,89.01252608,call,2015-02,landline,landline
23-01-15 14:32,107.87013472,call,2015-02,Tesco,mobile
23-01-15 15:09,113.09460996,call,2015-02,Three,mobile
23-01-15 15:22,147.03791990000002,sms,2015-02,Vodafone,mobile
23-01-15 15:24,199.6355251,sms,2015-02,Vodafone,mobile
23-01-15 15:37,68.41296606,sms,2015-02,Vodafone,mobile
23-01-15 21:22,146.480305,call,2015-02,Tesco,mobile
24-01-15 6:58,176.29818740000002,data,2015-02,data,data
25-01-15 6:58,87.70213961,data,2015-02,data,data
25-01-15 9:16,156.6045935,call,2015-02,Vodafone,mobile
25-01-15 16:55,128.0753679,call,2015-02,Three,mobile
26-01-15 6:58,143.3330309,data,2015-02,data,data
26-01-15 16:54,114.07896016,call,2015-02,Three,mobile
26-01-15 17:15,173.7139069,call,2015-02,Three,mobile
27-01-15 6:58,152.97939960000002,data,2015-02,data,data
27-01-15 9:36,111.4412092,call,2015-02,Three,mobile
27-01-15 10:55,222.3340002,call,2015-02,Meteor,mobile
28-01-15 6:58,190.49601,data,2015-02,data,data
28-01-15 9:44,180.43087649999998,call,2015-02,Vodafone,mobile
28-01-15 10:02,144.5252171,call,2015-02,landline,landline
28-01-15 15:53,165.2758699,call,2015-02,landline,landline
29-01-15 6:58,147.1060278,data,2015-02,data,data
29-01-15 11:35,174.6672792,sms,2015-02,Vodafone,mobile
29-01-15 11:50,144.11863770000002,sms,2015-02,Vodafone,mobile
29-01-15 17:11,135.8717561,call,2015-02,Tesco,mobile
29-01-15 17:19,183.5137756,sms,2015-02,Vodafone,mobile
29-01-15 17:58,137.0079551,call,2015-02,Three,mobile
29-01-15 18:05,169.34138149999998,call,2015-02,Tesco,mobile
29-01-15 19:27,143.6587106,call,2015-02,Tesco,mobile
30-01-15 6:58,184.6890483,data,2015-02,data,data
30-01-15 19:43,130.9630458,call,2015-02,Tesco,mobile
30-01-15 19:56,166.6262581,call,2015-02,Tesco,mobile
31-01-15 6:58,181.9219814,data,2015-02,data,data
31-01-15 12:48,178.23108200000001,call,2015-02,Tesco,mobile
31-01-15 13:14,201.68239440000002,call,2015-02,Vodafone,mobile
01-02-15 6:58,71.07134615,data,2015-02,data,data
01-02-15 13:33,131.3996725,call,2015-02,landline,landline
02-02-15 6:58,90.3720356,data,2015-02,data,data
02-02-15 17:11,191.2071001,call,2015-02,Tesco,mobile
02-02-15 17:16,149.9225138,call,2015-02,Tesco,mobile
02-02-15 17:35,68.92925443,sms,2015-02,Tesco,mobile
02-02-15 17:35,68.27884916,sms,2015-02,Tesco,mobile
02-02-15 17:35,151.2520586,sms,2015-02,Three,mobile
02-02-15 17:35,193.3685908,sms,2015-02,Three,mobile
02-02-15 18:17,150.8702631,call,2015-02,landline,landline
03-02-15 6:58,108.61033228,data,2015-02,data,data
03-02-15 14:45,178.6861475,call,2015-02,Three,mobile
04-02-15 6:58,112.78192669,data,2015-02,data,data
04-02-15 12:36,174.26058490000003,call,2015-02,voicemail,voicemail
04-02-15 14:52,148.365872,call,2015-02,Tesco,mobile
05-02-15 6:58,117.22252424,data,2015-02,data,data
05-02-15 13:37,188.82448430000002,call,2015-02,voicemail,voicemail
05-02-15 13:38,174.7641512,call,2015-02,landline,landline
06-02-15 6:58,71.40682119,data,2015-02,data,data
06-02-15 10:36,172.21922080000002,call,2015-02,voicemail,voicemail
06-02-15 10:37,137.617544,call,2015-02,Vodafone,mobile
06-02-15 18:39,103.70841949,call,2015-02,Three,mobile
06-02-15 18:41,114.05779053,call,2015-02,Three,mobile
07-02-15 6:58,143.8357337,data,2015-02,data,data
07-02-15 9:48,149.7099402,sms,2015-02,Vodafone,mobile
07-02-15 9:48,166.7497294,sms,2015-02,Vodafone,mobile
07-02-15 10:03,167.3156967,call,2015-02,Vodafone,mobile
07-02-15 11:13,133.7643847,sms,2015-02,Vodafone,mobile
07-02-15 11:37,121.01753619,call,2015-02,Three,mobile
07-02-15 15:04,176.545242,sms,2015-02,Vodafone,mobile
07-02-15 16:06,182.8851512,sms,2015-02,Three,mobile
07-02-15 16:11,99.2138193,sms,2015-02,Three,mobile
07-02-15 16:11,102.56823347,sms,2015-02,Three,mobile
07-02-15 16:16,71.13161772000001,sms,2015-02,Three,mobile
07-02-15 16:27,163.3930378,call,2015-02,landline,landline
07-02-15 17:33,122.58179986,call,2015-02,Three,mobile
07-02-15 17:56,165.486625,call,2015-02,Tesco,mobile
07-02-15 18:23,142.9369155,call,2015-02,Three,mobile
07-02-15 22:18,156.32592409999998,sms,2015-02,Three,mobile
07-02-15 22:30,212.29292819999998,sms,2015-02,Three,mobile
07-02-15 22:30,140.52298770000002,sms,2015-02,Three,mobile
08-02-15 6:58,199.4284093,data,2015-02,data,data
08-02-15 20:54,36.796315505,call,2015-02,landline,landline
09-02-15 6:58,121.75089174,data,2015-02,data,data
09-02-15 9:08,219.0768503,call,2015-02,Three,mobile
09-02-15 17:41,187.3765766,call,2015-02,Three,mobile
09-02-15 17:54,148.2160011,call,2015-02,Three,mobile
09-02-15 18:32,43.247842649999996,sms,2015-02,Vodafone,mobile
09-02-15 22:54,249.2659242,sms,2015-02,Meteor,mobile
10-02-15 0:24,138.86963500000002,sms,2015-02,Vodafone,mobile
10-02-15 0:24,186.9185805,sms,2015-02,Vodafone,mobile
10-02-15 6:58,151.5955383,data,2015-02,data,data
10-02-15 21:40,140.8536749,sms,2015-02,Vodafone,mobile
11-02-15 6:58,171.9094567,data,2015-02,data,data
12-02-15 6:58,0.9935142600000013,data,2015-02,data,data
12-02-15 20:15,219.1432633,call,2015-03,landline,landline
12-02-15 20:51,147.7509966,call,2015-03,Tesco,mobile
13-02-15 6:58,144.78714209999998,data,2015-03,data,data
13-02-15 10:58,180.47046369999998,call,2015-03,Vodafone,mobile
13-02-15 21:13,169.0401686,call,2015-03,Vodafone,mobile
14-02-15 6:58,167.7529892,data,2015-03,data,data
14-02-15 15:40,145.68510270000002,call,2015-03,Three,mobile
14-02-15 16:06,115.66250681,call,2015-03,Tesco,mobile
15-02-15 6:58,151.49438759999998,data,2015-03,data,data
15-02-15 18:44,107.16073268,call,2015-03,landline,landline
16-02-15 6:58,113.1681651,data,2015-03,data,data
17-02-15 6:58,83.24243267,data,2015-03,data,data
17-02-15 15:59,224.30435659999998,call,2015-03,Meteor,mobile
17-02-15 19:09,110.34567982,call,2015-03,Three,mobile
18-02-15 6:58,137.0631751,data,2015-03,data,data
18-02-15 18:49,86.54917233,call,2015-03,Tesco,mobile
18-02-15 19:56,174.4843377,call,2015-03,Three,mobile
19-02-15 6:58,160.4707389,data,2015-03,data,data
19-02-15 18:46,161.50680730000002,sms,2015-03,Vodafone,mobile
19-02-15 22:00,82.31003099,sms,2015-03,Vodafone,mobile
19-02-15 22:00,207.5902895,sms,2015-03,Vodafone,mobile
19-02-15 22:00,106.59259878,sms,2015-03,Vodafone,mobile
20-02-15 6:58,221.211556,data,2015-03,data,data
20-02-15 13:45,144.24023,call,2015-03,Vodafone,mobile
21-02-15 6:58,118.81156472,data,2015-03,data,data
22-02-15 6:58,196.3090885,data,2015-03,data,data
23-02-15 6:58,77.80800571,data,2015-03,data,data
23-02-15 20:49,199.99681840000002,call,2015-03,landline,landline
24-02-15 6:58,135.9390654,data,2015-03,data,data
24-02-15 10:05,194.28752340000003,call,2015-03,voicemail,voicemail
24-02-15 13:32,190.1039598,sms,2015-03,Three,mobile
24-02-15 13:32,107.03459977,sms,2015-03,Three,mobile
25-02-15 6:58,124.20122832,data,2015-03,data,data
25-02-15 12:56,161.7197387,call,2015-03,Tesco,mobile
25-02-15 12:58,164.6122136,call,2015-03,Vodafone,mobile
25-02-15 13:15,81.23094404,call,2015-03,Three,mobile
25-02-15 13:21,183.411553,sms,2015-03,Tesco,mobile
25-02-15 13:22,125.47669282,sms,2015-03,Tesco,mobile
25-02-15 13:22,177.6858797,sms,2015-03,Tesco,mobile
25-02-15 13:22,150.8113751,sms,2015-03,Tesco,mobile
25-02-15 13:26,136.16603270000002,call,2015-03,Tesco,mobile
25-02-15 13:46,134.2509811,call,2015-03,Tesco,mobile
25-02-15 15:45,71.03499443999999,call,2015-03,Vodafone,mobile
26-02-15 6:58,162.29530469999997,data,2015-03,data,data
26-02-15 16:38,213.0922744,call,2015-03,Vodafone,mobile
26-02-15 22:34,119.78992719,call,2015-03,voicemail,voicemail
27-02-15 6:58,110.34238358,data,2015-03,data,data
27-02-15 13:50,138.01749479999998,call,2015-03,Three,mobile
27-02-15 14:33,145.4399285,call,2015-03,Three,mobile
27-02-15 14:36,109.74088227,call,2015-03,Vodafone,mobile
28-02-15 6:58,143.27489930000002,data,2015-03,data,data
28-02-15 14:09,125.7355794,call,2015-03,landline,landline
28-02-15 14:57,178.24440259999997,call,2015-03,Meteor,mobile
28-02-15 15:09,158.16059140000002,call,2015-03,Three,mobile
28-02-15 15:49,129.99641259999999,call,2015-03,landline,landline
28-02-15 16:00,197.17615080000002,call,2015-03,landline,landline
28-02-15 17:13,115.67236215,call,2015-03,landline,landline
28-02-15 17:14,178.5021917,call,2015-03,landline,landline
28-02-15 17:17,158.6420989,call,2015-03,landline,landline
28-02-15 21:25,173.5282424,call,2015-03,Three,mobile
28-02-15 21:55,106.92235109,sms,2015-03,Vodafone,mobile
28-02-15 22:39,136.9479202,sms,2015-03,Three,mobile
01-03-15 6:58,174.9585831,data,2015-03,data,data
01-03-15 12:19,158.4889494,call,2015-03,Meteor,mobile
02-03-15 6:58,163.5190845,data,2015-03,data,data
02-03-15 9:19,96.61797786,sms,2015-03,Vodafone,mobile
02-03-15 9:19,111.01726633,sms,2015-03,Vodafone,mobile
02-03-15 9:23,142.1796706,sms,2015-03,Vodafone,mobile
02-03-15 9:30,188.5716063,sms,2015-03,Vodafone,mobile
02-03-15 9:30,78.70098537,sms,2015-03,Vodafone,mobile
02-03-15 13:07,154.49864209999998,call,2015-03,Three,mobile
02-03-15 14:53,72.77964379,call,2015-03,voicemail,voicemail
02-03-15 14:54,123.50604199,call,2015-03,voicemail,voicemail
02-03-15 17:35,117.31926688,call,2015-03,Meteor,mobile
02-03-15 20:48,131.2868606,call,2015-03,Tesco,mobile
03-03-15 6:58,131.7202778,data,2015-03,data,data
03-03-15 9:57,126.18865828,call,2015-03,landline,landline
03-03-15 9:59,218.6891974,call,2015-03,Three,mobile
03-03-15 10:12,124.44628891,call,2015-03,Vodafone,mobile
03-03-15 10:27,105.24379042,call,2015-03,Vodafone,mobile
03-03-15 14:34,104.62139593,call,2015-03,Vodafone,mobile
03-03-15 18:36,260.8132443,call,2015-03,Three,mobile
04-03-15 6:58,153.158549,data,2015-03,data,data
04-03-15 7:02,84.85990572,sms,2015-03,Vodafone,mobile
04-03-15 7:16,109.07432579,sms,2015-03,Vodafone,mobile
04-03-15 10:30,180.92366940000002,sms,2015-03,Three,mobile
04-03-15 10:30,105.56269395,sms,2015-03,Three,mobile
04-03-15 12:29,70.63083628999999,call,2015-03,landline,landline
05-03-15 6:58,159.7101839,data,2015-03,data,data
06-03-15 6:58,156.6419519,data,2015-03,data,data
07-03-15 6:58,86.16352981,data,2015-03,data,data
08-03-15 6:58,238.76349680000004,data,2015-03,data,data
09-03-15 6:58,162.9613813,data,2015-03,data,data
10-03-15 6:58,185.3281564,data,2015-03,data,data
11-03-15 6:58,89.81938314,data,2015-03,data,data
12-03-15 6:58,117.60499778,data,2015-03,data,data
13-03-15 0:39,77.83400638,sms,2015-03,Vodafone,mobile
13-03-15 6:58,146.00058359999997,data,2015-03,data,data
